{
    "assetCategories": {
        "3D asset": {
            "industrial": {
                "hardware": {
                    "tool": {}
                }
            },
            "props": {
                "hardware": {
                    "tool": {}
                }
            }
        }
    },
    "averageColor": "#2D251B",
    "brushes": [],
    "categories": [
        "3d",
        "Metal",
        "Rusty"
    ],
    "comp_version": 1,
    "displacement_bias_tier1": 0.645425,
    "displacement_scale_tier1": 0.24723,
    "environment": {
        "biome": "undefined",
        "region": "Asia"
    },
    "highest_available_res": 4096,
    "id": "tmjlfaziw",
    "is_uefn_compatible": true,
    "json": {
        "contentLength": 43354,
        "uri": "tmjlfaziw/tmjlfaziw.json"
    },
    "maps": [
        {
            "bitDepth": 32,
            "colorspace": "linear",
            "contentLength": 40051853,
            "mimeType": "image/x-exr",
            "name": "Ao",
            "resolution": "4096x4096",
            "tier": 0,
            "type": "ao",
            "uri": "tier_0/tmjlfaziw_4K_AO.exr"
        },
        {
            "bitDepth": 8,
            "colorspace": "linear",
            "contentLength": 2308015,
            "mimeType": "image/jpeg",
            "name": "Ao",
            "resolution": "4096x4096",
            "tier": 0,
            "type": "ao",
            "uri": "tier_0/tmjlfaziw_4K_AO.jpg"
        },
        {
            "bitDepth": 16,
            "colorspace": "sRGB",
            "contentLength": 54659103,
            "mimeType": "image/x-exr",
            "name": "Basecolor",
            "resolution": "4096x4096",
            "tier": 0,
            "type": "basecolor",
            "uri": "tier_0/tmjlfaziw_4K_Basecolor.exr"
        },
        {
            "bitDepth": 8,
            "colorspace": "sRGB",
            "contentLength": 6479095,
            "mimeType": "image/jpeg",
            "name": "Basecolor",
            "resolution": "4096x4096",
            "tier": 0,
            "type": "basecolor",
            "uri": "tier_0/tmjlfaziw_4K_Basecolor.jpg"
        },
        {
            "bitDepth": 32,
            "colorspace": "linear",
            "contentLength": 48925267,
            "mimeType": "image/x-exr",
            "name": "Cavity",
            "resolution": "4096x4096",
            "tier": 0,
            "type": "cavity",
            "uri": "tier_0/tmjlfaziw_4K_Cavity.exr"
        },
        {
            "bitDepth": 8,
            "colorspace": "linear",
            "contentLength": 6507758,
            "mimeType": "image/jpeg",
            "name": "Cavity",
            "resolution": "4096x4096",
            "tier": 0,
            "type": "cavity",
            "uri": "tier_0/tmjlfaziw_4K_Cavity.jpg"
        },
        {
            "bitDepth": 16,
            "colorspace": "sRGB",
            "contentLength": 53813474,
            "mimeType": "image/x-exr",
            "name": "Diffuse",
            "resolution": "4096x4096",
            "tier": 0,
            "type": "diffuse",
            "uri": "tier_0/tmjlfaziw_4K_Diffuse.exr"
        },
        {
            "bitDepth": 8,
            "colorspace": "sRGB",
            "contentLength": 5999817,
            "mimeType": "image/jpeg",
            "name": "Diffuse",
            "resolution": "4096x4096",
            "tier": 0,
            "type": "diffuse",
            "uri": "tier_0/tmjlfaziw_4K_Diffuse.jpg"
        },
        {
            "bitDepth": 8,
            "colorspace": "linear",
            "contentLength": 7348667,
            "mimeType": "image/x-exr",
            "name": "Metalness",
            "resolution": "4096x4096",
            "tier": 0,
            "type": "metalness",
            "uri": "tier_0/tmjlfaziw_4K_Metalness.exr"
        },
        {
            "bitDepth": 8,
            "colorspace": "linear",
            "contentLength": 2050747,
            "mimeType": "image/jpeg",
            "name": "Metalness",
            "resolution": "4096x4096",
            "tier": 0,
            "type": "metalness",
            "uri": "tier_0/tmjlfaziw_4K_Metalness.jpg"
        },
        {
            "bitDepth": 16,
            "colorspace": "linear",
            "contentLength": 30265171,
            "mimeType": "image/x-exr",
            "name": "Normal",
            "resolution": "4096x4096",
            "tier": 0,
            "type": "normal",
            "uri": "tier_0/tmjlfaziw_4K_Normal.exr"
        },
        {
            "bitDepth": 8,
            "colorspace": "linear",
            "contentLength": 8273953,
            "mimeType": "image/jpeg",
            "name": "Normal",
            "resolution": "4096x4096",
            "tier": 0,
            "type": "normal",
            "uri": "tier_0/tmjlfaziw_4K_Normal.jpg"
        },
        {
            "bitDepth": 16,
            "colorspace": "linear",
            "contentLength": 40495481,
            "mimeType": "image/x-exr",
            "name": "Roughness",
            "resolution": "4096x4096",
            "tier": 0,
            "type": "roughness",
            "uri": "tier_0/tmjlfaziw_4K_Roughness.exr"
        },
        {
            "bitDepth": 8,
            "colorspace": "linear",
            "contentLength": 5846911,
            "mimeType": "image/jpeg",
            "name": "Roughness",
            "resolution": "4096x4096",
            "tier": 0,
            "type": "roughness",
            "uri": "tier_0/tmjlfaziw_4K_Roughness.jpg"
        },
        {
            "bitDepth": 16,
            "colorspace": "linear",
            "contentLength": 50378273,
            "mimeType": "image/x-exr",
            "name": "Specular",
            "resolution": "4096x4096",
            "tier": 0,
            "type": "specular",
            "uri": "tier_0/tmjlfaziw_4K_Specular.exr"
        },
        {
            "bitDepth": 8,
            "colorspace": "linear",
            "contentLength": 5032256,
            "mimeType": "image/jpeg",
            "name": "Specular",
            "resolution": "4096x4096",
            "tier": 0,
            "type": "specular",
            "uri": "tier_0/tmjlfaziw_4K_Specular.jpg"
        },
        {
            "bitDepth": 32,
            "colorspace": "linear",
            "contentLength": 40051853,
            "mimeType": "image/x-exr",
            "name": "Ao",
            "resolution": "4096x4096",
            "tier": 1,
            "type": "ao",
            "uri": "tier_1/tmjlfaziw_4K_AO.exr"
        },
        {
            "bitDepth": 8,
            "colorspace": "linear",
            "contentLength": 2308015,
            "mimeType": "image/jpeg",
            "name": "Ao",
            "resolution": "4096x4096",
            "tier": 1,
            "type": "ao",
            "uri": "tier_1/tmjlfaziw_4K_AO.jpg"
        },
        {
            "bitDepth": 16,
            "colorspace": "sRGB",
            "contentLength": 54659103,
            "mimeType": "image/x-exr",
            "name": "Basecolor",
            "resolution": "4096x4096",
            "tier": 1,
            "type": "basecolor",
            "uri": "tier_1/tmjlfaziw_4K_Basecolor.exr"
        },
        {
            "bitDepth": 8,
            "colorspace": "sRGB",
            "contentLength": 6479095,
            "mimeType": "image/jpeg",
            "name": "Basecolor",
            "resolution": "4096x4096",
            "tier": 1,
            "type": "basecolor",
            "uri": "tier_1/tmjlfaziw_4K_Basecolor.jpg"
        },
        {
            "bitDepth": 32,
            "colorspace": "linear",
            "contentLength": 48925267,
            "mimeType": "image/x-exr",
            "name": "Cavity",
            "resolution": "4096x4096",
            "tier": 1,
            "type": "cavity",
            "uri": "tier_1/tmjlfaziw_4K_Cavity.exr"
        },
        {
            "bitDepth": 8,
            "colorspace": "linear",
            "contentLength": 6507758,
            "mimeType": "image/jpeg",
            "name": "Cavity",
            "resolution": "4096x4096",
            "tier": 1,
            "type": "cavity",
            "uri": "tier_1/tmjlfaziw_4K_Cavity.jpg"
        },
        {
            "bitDepth": 16,
            "colorspace": "sRGB",
            "contentLength": 53813474,
            "mimeType": "image/x-exr",
            "name": "Diffuse",
            "resolution": "4096x4096",
            "tier": 1,
            "type": "diffuse",
            "uri": "tier_1/tmjlfaziw_4K_Diffuse.exr"
        },
        {
            "bitDepth": 8,
            "colorspace": "sRGB",
            "contentLength": 5999817,
            "mimeType": "image/jpeg",
            "name": "Diffuse",
            "resolution": "4096x4096",
            "tier": 1,
            "type": "diffuse",
            "uri": "tier_1/tmjlfaziw_4K_Diffuse.jpg"
        },
        {
            "bias": 0.0,
            "bitDepth": 32,
            "colorspace": "linear",
            "contentLength": 66118446,
            "mimeType": "image/x-exr",
            "name": "Displacement",
            "resolution": "4096x4096",
            "scale": 1.0,
            "tier": 1,
            "type": "displacement",
            "uri": "tier_1/tmjlfaziw_4K_Displacement.exr"
        },
        {
            "bias": 0.645425,
            "bitDepth": 8,
            "colorspace": "linear",
            "contentLength": 1041758,
            "mimeType": "image/jpeg",
            "name": "Displacement",
            "resolution": "4096x4096",
            "scale": 0.24723,
            "tier": 1,
            "type": "displacement",
            "uri": "tier_1/tmjlfaziw_4K_Displacement.jpg"
        },
        {
            "bitDepth": 8,
            "colorspace": "linear",
            "contentLength": 7348667,
            "mimeType": "image/x-exr",
            "name": "Metalness",
            "resolution": "4096x4096",
            "tier": 1,
            "type": "metalness",
            "uri": "tier_1/tmjlfaziw_4K_Metalness.exr"
        },
        {
            "bitDepth": 8,
            "colorspace": "linear",
            "contentLength": 2050747,
            "mimeType": "image/jpeg",
            "name": "Metalness",
            "resolution": "4096x4096",
            "tier": 1,
            "type": "metalness",
            "uri": "tier_1/tmjlfaziw_4K_Metalness.jpg"
        },
        {
            "bitDepth": 16,
            "colorspace": "linear",
            "contentLength": 37396704,
            "mimeType": "image/x-exr",
            "name": "Normal",
            "resolution": "4096x4096",
            "tier": 1,
            "type": "normal",
            "uri": "tier_1/tmjlfaziw_4K_Normal.exr"
        },
        {
            "bitDepth": 8,
            "colorspace": "linear",
            "contentLength": 10433546,
            "mimeType": "image/jpeg",
            "name": "Normal",
            "resolution": "4096x4096",
            "tier": 1,
            "type": "normal",
            "uri": "tier_1/tmjlfaziw_4K_Normal.jpg"
        },
        {
            "bitDepth": 16,
            "colorspace": "linear",
            "contentLength": 40495481,
            "mimeType": "image/x-exr",
            "name": "Roughness",
            "resolution": "4096x4096",
            "tier": 1,
            "type": "roughness",
            "uri": "tier_1/tmjlfaziw_4K_Roughness.exr"
        },
        {
            "bitDepth": 8,
            "colorspace": "linear",
            "contentLength": 5846911,
            "mimeType": "image/jpeg",
            "name": "Roughness",
            "resolution": "4096x4096",
            "tier": 1,
            "type": "roughness",
            "uri": "tier_1/tmjlfaziw_4K_Roughness.jpg"
        },
        {
            "bitDepth": 16,
            "colorspace": "linear",
            "contentLength": 50378273,
            "mimeType": "image/x-exr",
            "name": "Specular",
            "resolution": "4096x4096",
            "tier": 1,
            "type": "specular",
            "uri": "tier_1/tmjlfaziw_4K_Specular.exr"
        },
        {
            "bitDepth": 8,
            "colorspace": "linear",
            "contentLength": 5032256,
            "mimeType": "image/jpeg",
            "name": "Specular",
            "resolution": "4096x4096",
            "tier": 1,
            "type": "specular",
            "uri": "tier_1/tmjlfaziw_4K_Specular.jpg"
        },
        {
            "bitDepth": 32,
            "colorspace": "linear",
            "contentLength": 40051853,
            "mimeType": "image/x-exr",
            "name": "Ao",
            "resolution": "4096x4096",
            "tier": 2,
            "type": "ao",
            "uri": "tier_2/tmjlfaziw_4K_AO.exr"
        },
        {
            "bitDepth": 8,
            "colorspace": "linear",
            "contentLength": 2308015,
            "mimeType": "image/jpeg",
            "name": "Ao",
            "resolution": "4096x4096",
            "tier": 2,
            "type": "ao",
            "uri": "tier_2/tmjlfaziw_4K_AO.jpg"
        },
        {
            "bitDepth": 16,
            "colorspace": "sRGB",
            "contentLength": 54659103,
            "mimeType": "image/x-exr",
            "name": "Basecolor",
            "resolution": "4096x4096",
            "tier": 2,
            "type": "basecolor",
            "uri": "tier_2/tmjlfaziw_4K_Basecolor.exr"
        },
        {
            "bitDepth": 8,
            "colorspace": "sRGB",
            "contentLength": 6479095,
            "mimeType": "image/jpeg",
            "name": "Basecolor",
            "resolution": "4096x4096",
            "tier": 2,
            "type": "basecolor",
            "uri": "tier_2/tmjlfaziw_4K_Basecolor.jpg"
        },
        {
            "bitDepth": 32,
            "colorspace": "linear",
            "contentLength": 48925267,
            "mimeType": "image/x-exr",
            "name": "Cavity",
            "resolution": "4096x4096",
            "tier": 2,
            "type": "cavity",
            "uri": "tier_2/tmjlfaziw_4K_Cavity.exr"
        },
        {
            "bitDepth": 8,
            "colorspace": "linear",
            "contentLength": 6507758,
            "mimeType": "image/jpeg",
            "name": "Cavity",
            "resolution": "4096x4096",
            "tier": 2,
            "type": "cavity",
            "uri": "tier_2/tmjlfaziw_4K_Cavity.jpg"
        },
        {
            "bitDepth": 16,
            "colorspace": "sRGB",
            "contentLength": 53813474,
            "mimeType": "image/x-exr",
            "name": "Diffuse",
            "resolution": "4096x4096",
            "tier": 2,
            "type": "diffuse",
            "uri": "tier_2/tmjlfaziw_4K_Diffuse.exr"
        },
        {
            "bitDepth": 8,
            "colorspace": "sRGB",
            "contentLength": 5999817,
            "mimeType": "image/jpeg",
            "name": "Diffuse",
            "resolution": "4096x4096",
            "tier": 2,
            "type": "diffuse",
            "uri": "tier_2/tmjlfaziw_4K_Diffuse.jpg"
        },
        {
            "bitDepth": 8,
            "colorspace": "linear",
            "contentLength": 7348667,
            "mimeType": "image/x-exr",
            "name": "Metalness",
            "resolution": "4096x4096",
            "tier": 2,
            "type": "metalness",
            "uri": "tier_2/tmjlfaziw_4K_Metalness.exr"
        },
        {
            "bitDepth": 8,
            "colorspace": "linear",
            "contentLength": 2050747,
            "mimeType": "image/jpeg",
            "name": "Metalness",
            "resolution": "4096x4096",
            "tier": 2,
            "type": "metalness",
            "uri": "tier_2/tmjlfaziw_4K_Metalness.jpg"
        },
        {
            "bitDepth": 16,
            "colorspace": "linear",
            "contentLength": 31747592,
            "mimeType": "image/x-exr",
            "name": "Normal",
            "resolution": "4096x4096",
            "tier": 2,
            "type": "normal",
            "uri": "tier_2/tmjlfaziw_4K_Normal.exr"
        },
        {
            "bitDepth": 8,
            "colorspace": "linear",
            "contentLength": 7310695,
            "mimeType": "image/jpeg",
            "name": "Normal",
            "resolution": "4096x4096",
            "tier": 2,
            "type": "normal",
            "uri": "tier_2/tmjlfaziw_4K_Normal.jpg"
        },
        {
            "bitDepth": 16,
            "colorspace": "linear",
            "contentLength": 40495481,
            "mimeType": "image/x-exr",
            "name": "Roughness",
            "resolution": "4096x4096",
            "tier": 2,
            "type": "roughness",
            "uri": "tier_2/tmjlfaziw_4K_Roughness.exr"
        },
        {
            "bitDepth": 8,
            "colorspace": "linear",
            "contentLength": 5846911,
            "mimeType": "image/jpeg",
            "name": "Roughness",
            "resolution": "4096x4096",
            "tier": 2,
            "type": "roughness",
            "uri": "tier_2/tmjlfaziw_4K_Roughness.jpg"
        },
        {
            "bitDepth": 16,
            "colorspace": "linear",
            "contentLength": 50378273,
            "mimeType": "image/x-exr",
            "name": "Specular",
            "resolution": "4096x4096",
            "tier": 2,
            "type": "specular",
            "uri": "tier_2/tmjlfaziw_4K_Specular.exr"
        },
        {
            "bitDepth": 8,
            "colorspace": "linear",
            "contentLength": 5032256,
            "mimeType": "image/jpeg",
            "name": "Specular",
            "resolution": "4096x4096",
            "tier": 2,
            "type": "specular",
            "uri": "tier_2/tmjlfaziw_4K_Specular.jpg"
        },
        {
            "bitDepth": 8,
            "colorspace": "linear",
            "contentLength": 2220626,
            "mimeType": "image/jpeg",
            "name": "Ao",
            "resolution": "4096x4096",
            "tier": 3,
            "type": "ao",
            "uri": "tier_3/tmjlfaziw_4K_AO.jpg"
        },
        {
            "bitDepth": 8,
            "colorspace": "sRGB",
            "contentLength": 5038607,
            "mimeType": "image/jpeg",
            "name": "Basecolor",
            "resolution": "4096x4096",
            "tier": 3,
            "type": "basecolor",
            "uri": "tier_3/tmjlfaziw_4K_Basecolor.jpg"
        },
        {
            "bitDepth": 8,
            "colorspace": "sRGB",
            "contentLength": 4811300,
            "mimeType": "image/jpeg",
            "name": "Diffuse",
            "resolution": "4096x4096",
            "tier": 3,
            "type": "diffuse",
            "uri": "tier_3/tmjlfaziw_4K_Diffuse.jpg"
        },
        {
            "bitDepth": 8,
            "colorspace": "linear",
            "contentLength": 1626784,
            "mimeType": "image/jpeg",
            "name": "Metalness",
            "resolution": "4096x4096",
            "tier": 3,
            "type": "metalness",
            "uri": "tier_3/tmjlfaziw_4K_Metalness.jpg"
        },
        {
            "bitDepth": 8,
            "colorspace": "linear",
            "contentLength": 5551831,
            "mimeType": "image/jpeg",
            "name": "Normal",
            "resolution": "4096x4096",
            "tier": 3,
            "type": "normal",
            "uri": "tier_3/tmjlfaziw_4K_Normal.jpg"
        },
        {
            "bitDepth": 8,
            "colorspace": "linear",
            "contentLength": 4145263,
            "mimeType": "image/jpeg",
            "name": "Roughness",
            "resolution": "4096x4096",
            "tier": 3,
            "type": "roughness",
            "uri": "tier_3/tmjlfaziw_4K_Roughness.jpg"
        }
    ],
    "meta": [
        {
            "key": "assembly",
            "name": "Assembly",
            "value": "false"
        },
        {
            "key": "small3dasset",
            "name": "Small3dAsset",
            "value": "true"
        },
        {
            "key": "color",
            "name": "Color",
            "value": "Brown"
        },
        {
            "key": "points",
            "name": "Points",
            "value": 4
        },
        {
            "key": "texelDensity",
            "name": "Texel Density",
            "value": "2118 px/m"
        },
        {
            "key": "length",
            "name": "Length",
            "value": "0.35m"
        },
        {
            "key": "width",
            "name": "Width",
            "value": "0.1m"
        },
        {
            "key": "height",
            "name": "Height",
            "value": "0.03m"
        }
    ],
    "models": [
        {
            "content_length": 45256880,
            "faces": 1083910,
            "mimeType": "application/x-fbx",
            "tier": 0,
            "type": "original",
            "uri": "tier_0/tmjlfaziw.fbx",
            "vertices": 900957
        },
        {
            "content_length": 244640,
            "faces": 8678,
            "mimeType": "application/x-fbx",
            "tier": 1,
            "type": "original",
            "uri": "tier_1/tmjlfaziw.fbx",
            "vertices": 4917
        },
        {
            "content_length": 93648,
            "faces": 2460,
            "mimeType": "application/x-fbx",
            "tier": 2,
            "type": "original",
            "uri": "tier_2/tmjlfaziw.fbx",
            "vertices": 1530
        },
        {
            "content_length": 42992,
            "faces": 174,
            "mimeType": "application/x-fbx",
            "tier": 3,
            "type": "original",
            "uri": "tier_3/tmjlfaziw.fbx",
            "vertices": 183
        }
    ],
    "name": "Rusty Claw Hammer",
    "pack": {
        "_id": "old-hardware",
        "name": "Old Hardware"
    },
    "physicalSize": "1x1",
    "points": 4,
    "previews": {
        "images": [
            {
                "contentLength": 759413,
                "resolution": "1920x1080",
                "uri": "tmjlfaziw_preview.png"
            }
        ]
    },
    "process_date": "2024-10-04 19:48:29",
    "properties": [
        {
            "key": "size",
            "value": "small"
        },
        {
            "key": "mesh type",
            "value": "Closed"
        }
    ],
    "references": [],
    "revised": false,
    "revision": 0,
    "semanticTags": {
        "3d_mesh": "Closed",
        "architectural_style": {},
        "asset_type": "3D asset",
        "color": [
            "black"
        ],
        "contains": [
            "hammer",
            "claw hammer",
            "tool",
            "hardware",
            "metal"
        ],
        "descriptive": [
            "rough",
            " worn",
            " weathered"
        ],
        "environment": [
            "industrial"
        ],
        "industry": [
            "archviz",
            "games",
            "VFX"
        ],
        "latin_name": [],
        "locations": {},
        "maxSize": 0.35,
        "minSize": 0.03,
        "name": "Rusty Claw Hammer",
        "resolution": 4096,
        "season": [],
        "state": [
            "old"
        ],
        "subject_matter": "manmade",
        "theme": [
            "workshop",
            " chopshop",
            " garage",
            " auto-garage",
            " constructional",
            " construction site",
            " woodwork",
            " Medieval village"
        ]
    },
    "tags": [
        "archviz",
        "hardware",
        "tool",
        "iron",
        "wood",
        "rusty"
    ],
    "texelDensity": 1245,
    "texture_type": "metal",
    "uasset": [
        {
            "mimeType": "uasset",
            "tier": 1,
            "type": "model",
            "ueVersion": "5.0.0",
            "uri": "tmjlfaziw/UAsset/Tier1/S_Rusty_Claw_Hammer_tmjlfaziw_lod0.uasset"
        },
        {
            "mimeType": "uasset",
            "tier": 1,
            "type": "material",
            "ueVersion": "5.0.0",
            "uri": "tmjlfaziw/UAsset/Tier1/MI_Rusty_Claw_Hammer_tmjlfaziw_4K.uasset"
        },
        {
            "mimeType": "uasset",
            "sub-type": "dr",
            "tier": 1,
            "type": "map",
            "ueVersion": "5.0.0",
            "uri": "tmjlfaziw/UAsset/Tier1/T_RustyClawHammer_tmjlfaziw_4K_DpR.uasset"
        },
        {
            "mimeType": "uasset",
            "sub-type": "albedo",
            "tier": 1,
            "type": "map",
            "ueVersion": "5.0.0",
            "uri": "tmjlfaziw/UAsset/Tier1/T_Rusty_Claw_Hammer_tmjlfaziw_4K_D.uasset"
        },
        {
            "mimeType": "uasset",
            "sub-type": "normal",
            "tier": 1,
            "type": "map",
            "ueVersion": "5.0.0",
            "uri": "tmjlfaziw/UAsset/Tier1/T_Rusty_Claw_Hammer_tmjlfaziw_4K_N.uasset"
        },
        {
            "mimeType": "json",
            "tier": 1,
            "type": "meta",
            "ueVersion": "5.0.0",
            "uri": "tmjlfaziw/UAsset/Tier1/tmjlfaziw_1.json"
        },
        {
            "mimeType": "uasset",
            "tier": 2,
            "type": "model",
            "ueVersion": "5.0.0",
            "uri": "tmjlfaziw/UAsset/Tier2/S_Rusty_Claw_Hammer_tmjlfaziw_lod3.uasset"
        },
        {
            "mimeType": "uasset",
            "tier": 2,
            "type": "material",
            "ueVersion": "5.0.0",
            "uri": "tmjlfaziw/UAsset/Tier2/MI_Rusty_Claw_Hammer_tmjlfaziw_2K.uasset"
        },
        {
            "mimeType": "uasset",
            "sub-type": "dr",
            "tier": 2,
            "type": "map",
            "ueVersion": "5.0.0",
            "uri": "tmjlfaziw/UAsset/Tier2/T_RustyClawHammer_tmjlfaziw_2K_DpR.uasset"
        },
        {
            "mimeType": "uasset",
            "sub-type": "albedo",
            "tier": 2,
            "type": "map",
            "ueVersion": "5.0.0",
            "uri": "tmjlfaziw/UAsset/Tier2/T_Rusty_Claw_Hammer_tmjlfaziw_2K_D.uasset"
        },
        {
            "mimeType": "uasset",
            "sub-type": "normal",
            "tier": 2,
            "type": "map",
            "ueVersion": "5.0.0",
            "uri": "tmjlfaziw/UAsset/Tier2/T_Rusty_Claw_Hammer_tmjlfaziw_2K_N.uasset"
        },
        {
            "mimeType": "json",
            "tier": 2,
            "type": "meta",
            "ueVersion": "5.0.0",
            "uri": "tmjlfaziw/UAsset/Tier2/tmjlfaziw_2.json"
        },
        {
            "mimeType": "uasset",
            "tier": 3,
            "type": "model",
            "ueVersion": "5.0.0",
            "uri": "tmjlfaziw/UAsset/Tier3/S_Rusty_Claw_Hammer_tmjlfaziw_lod5.uasset"
        },
        {
            "mimeType": "uasset",
            "tier": 3,
            "type": "material",
            "ueVersion": "5.0.0",
            "uri": "tmjlfaziw/UAsset/Tier3/MI_Rusty_Claw_Hammer_tmjlfaziw_1K.uasset"
        },
        {
            "mimeType": "uasset",
            "sub-type": "dr",
            "tier": 3,
            "type": "map",
            "ueVersion": "5.0.0",
            "uri": "tmjlfaziw/UAsset/Tier3/T_RustyClawHammer_tmjlfaziw_1K_DpR.uasset"
        },
        {
            "mimeType": "uasset",
            "sub-type": "albedo",
            "tier": 3,
            "type": "map",
            "ueVersion": "5.0.0",
            "uri": "tmjlfaziw/UAsset/Tier3/T_Rusty_Claw_Hammer_tmjlfaziw_1K_D.uasset"
        },
        {
            "mimeType": "uasset",
            "sub-type": "normal",
            "tier": 3,
            "type": "map",
            "ueVersion": "5.0.0",
            "uri": "tmjlfaziw/UAsset/Tier3/T_Rusty_Claw_Hammer_tmjlfaziw_1K_N.uasset"
        },
        {
            "mimeType": "json",
            "tier": 3,
            "type": "meta",
            "ueVersion": "5.0.0",
            "uri": "tmjlfaziw/UAsset/Tier3/tmjlfaziw_3.json"
        },
        {
            "mimeType": "uasset",
            "tier": 4,
            "type": "model",
            "ueVersion": "5.0.0",
            "uri": "tmjlfaziw/UAsset/Tier4/S_Rusty_Claw_Hammer_tmjlfaziw_lod5.uasset"
        },
        {
            "mimeType": "uasset",
            "tier": 4,
            "type": "material",
            "ueVersion": "5.0.0",
            "uri": "tmjlfaziw/UAsset/Tier4/MI_Rusty_Claw_Hammer_tmjlfaziw_1K.uasset"
        },
        {
            "mimeType": "uasset",
            "sub-type": "albedo",
            "tier": 4,
            "type": "map",
            "ueVersion": "5.0.0",
            "uri": "tmjlfaziw/UAsset/Tier4/T_Rusty_Claw_Hammer_tmjlfaziw_1K_D.uasset"
        },
        {
            "mimeType": "uasset",
            "sub-type": "normal",
            "tier": 4,
            "type": "map",
            "ueVersion": "5.0.0",
            "uri": "tmjlfaziw/UAsset/Tier4/T_Rusty_Claw_Hammer_tmjlfaziw_1K_N.uasset"
        },
        {
            "mimeType": "json",
            "tier": 4,
            "type": "meta",
            "ueVersion": "5.0.0",
            "uri": "tmjlfaziw/UAsset/Tier4/tmjlfaziw_4.json"
        }
    ],
    "ue_plugin_archives": [
        {
            "contentLength": 94273469,
            "gltfVersion": "2.0",
            "tier": 0,
            "type": "gltf",
            "uri": "ue_plugin_archives/tier_0/tmjlfaziw_tier_0.zip",
            "version": 1
        },
        {
            "contentLength": 51609428,
            "gltfVersion": "2.0",
            "tier": 1,
            "type": "gltf",
            "uri": "ue_plugin_archives/tier_1/tmjlfaziw_tier_1.zip",
            "version": 1
        },
        {
            "contentLength": 12832261,
            "gltfVersion": "2.0",
            "tier": 2,
            "type": "gltf",
            "uri": "ue_plugin_archives/tier_2/tmjlfaziw_tier_2.zip",
            "version": 1
        },
        {
            "contentLength": 1403787,
            "gltfVersion": "2.0",
            "tier": 3,
            "type": "gltf",
            "uri": "ue_plugin_archives/tier_3/tmjlfaziw_tier_3.zip",
            "version": 1
        }
    ],
    "version": 2
}